{"_step":9,"loss/l2":12612.7900390625,"_runtime":60.900957773,"loss/auxk":0,"metrics/l0_sparsity":1075,"loss/total":5694.0703125,"metrics/dead_features":0,"_timestamp":1.7785160009034982e+09,"_wandb":{"runtime":60}}