{"loss/total":4385.78173828125,"metrics/l0_sparsity":1075,"metrics/dead_features":0,"_step":9,"_timestamp":1.778597979169355e+09,"_runtime":39.808205531,"loss/auxk":0,"_wandb":{"runtime":39},"loss/l2":9698.4384765625}