{"_timestamp":1.7782869964437954e+09,"loss/l2":377.53302001953125,"metrics/l0_sparsity":1075,"metrics/dead_features":0,"loss/total":386.5942077636719,"loss/auxk":0,"_wandb":{"runtime":4966},"_runtime":4966.351940768,"_step":1439}