{"loss/total":5708.75,"metrics/dead_features":0,"loss/l2":12600.3798828125,"_runtime":63.110491036,"_step":9,"_timestamp":1.7785836469760227e+09,"metrics/l0_sparsity":1075,"loss/auxk":0,"_wandb":{"runtime":63}}