{"metrics/l0_sparsity":1075,"loss/total":386.884033203125,"_step":1232,"loss/auxk":0,"_wandb":{"runtime":3753},"_runtime":3753.50234686,"loss/l2":385.68963623046875,"_timestamp":1.7786021357912154e+09,"metrics/dead_features":0}