{"metrics/l0_sparsity":1075,"metrics/dead_features":0,"loss/total":4432.25,"loss/l2":9660.8837890625,"_step":9,"_runtime":44.015727277,"loss/auxk":0,"_wandb":{"runtime":44},"_timestamp":1.7785949770521953e+09}