{"_wandb":{"runtime":9},"_timestamp":1.7785971436472666e+09,"_runtime":9.95345014,"metrics/dead_features":0,"loss/auxk":0,"loss/total":9757.3076171875,"loss/l2":9757.322265625,"metrics/l0_sparsity":1075,"_step":0}