{"_step":899,"loss/total":475.3673095703125,"metrics/l0_sparsity":1075,"loss/l2":424.27099609375,"loss/auxk":0,"metrics/dead_features":0,"_timestamp":1.778454142160593e+09,"_wandb":{"runtime":3134},"_runtime":3134.271298192}