{"_step":9,"loss/auxk":0,"_runtime":42.311996589,"loss/total":5710.2275390625,"loss/l2":12870.0556640625,"metrics/dead_features":0,"metrics/l0_sparsity":1075,"_wandb":{"runtime":42},"_timestamp":1.7785153618140771e+09}