{"metrics/dead_features":0,"_step":218,"loss/l2":668.3043823242188,"loss/auxk":0,"_wandb":{"runtime":755},"_runtime":755.53011426,"_timestamp":1.778281656458185e+09,"loss/total":695.9398193359375,"metrics/l0_sparsity":1075}